taxon,p_value,median_lean,median_obese,direction,p_fdr
k__Bacteria|p__Firmicutes|c__Clostridia|o__Clostridiales|f__Clostridiaceae|g__Clostridium|s__Clostridium_sp_CAG_58,7.108635689326845e-05,-6.0,-1.99779072701199,Higher in Obese,0.00959665818059124
k__Bacteria|p__Synergistetes|c__Synergistia|o__Synergistales|f__Synergistaceae|g__Fretibacterium|s__Fretibacterium_fastidiosum,4.373601545120327e-05,-2.36152565037518,-2.74208154968594,Higher in Lean,0.00959665818059124
k__Bacteria|p__Firmicutes|c__Clostridia|o__Clostridiales|f__Lachnospiraceae|g__Roseburia|s__Roseburia_sp_CAG_303,0.00034980411036608156,-6.0,-6.0,Higher in Lean,0.03148236993294734
k__Bacteria|p__Firmicutes|c__Clostridia|o__Clostridiales|f__Lachnospiraceae|g__Roseburia|s__Roseburia_sp_CAG_309,0.0005230429309658583,-1.72576449995482,-6.0,Higher in Lean,0.03530539784019543
k__Bacteria|p__Firmicutes|c__Firmicutes_unclassified|o__Firmicutes_unclassified|f__Firmicutes_unclassified|g__Firmicutes_unclassified|s__Firmicutes_bacterium_CAG_555,0.0012801649888480053,-6.0,-6.0,Higher in Lean,0.0670246734175782
k__Bacteria|p__Firmicutes|c__Clostridia|o__Clostridiales|f__Ruminococcaceae|g__Ruminococcus|s__Ruminococcus_lactaris,0.0016355045486312325,-0.5374235905008585,-0.932665000577802,Higher in Lean,0.0670246734175782
k__Bacteria|p__Actinobacteria|c__Coriobacteriia|o__Eggerthellales|f__Eggerthellaceae|g__Denitrobacterium|s__Denitrobacterium_detoxificans,0.0017376767182335088,-6.0,-6.0,Higher in Lean,0.0670246734175782
k__Bacteria|p__Verrucomicrobia|c__Verrucomicrobiae|o__Verrucomicrobiales|f__Akkermansiaceae|g__Akkermansia|s__Akkermansia_muciniphila,0.0038810120717496076,-0.7336956319217055,-1.44477250107178,Higher in Lean,0.13098415742154926
k__Bacteria|p__Firmicutes|c__Negativicutes|o__Veillonellales|f__Veillonellaceae|g__Veillonella|s__Veillonella_dispar,0.009095132183320087,-2.7077257848096297,-6.0,Higher in Lean,0.17282039152133444
k__Bacteria|p__Firmicutes|c__Clostridia|o__Clostridiales|f__Clostridiales_unclassified|g__Clostridiales_unclassified|s__Bacteroides_pectinophilus,0.009117851916112656,-6.0,-6.0,Higher in Lean,0.17282039152133444
k__Bacteria|p__Firmicutes|c__Negativicutes|o__Veillonellales|f__Veillonellaceae|g__Veillonella|s__Veillonella_infantium,0.00893780502013212,-6.0,-6.0,Higher in Lean,0.17282039152133444
k__Bacteria|p__Firmicutes|c__Firmicutes_unclassified|o__Firmicutes_unclassified|f__Firmicutes_unclassified|g__Firmicutes_unclassified|s__Firmicutes_bacterium_CAG_238,0.010827459063559789,-2.29682759691774,-6.0,Higher in Lean,0.17282039152133444
k__Bacteria|p__Firmicutes|c__Clostridia|o__Clostridiales|f__Ruminococcaceae|g__Flavonifractor|s__Flavonifractor_plautii,0.006189632058980575,-1.767289068339315,-1.52344369540401,Higher in Obese,0.17282039152133444
k__Bacteria|p__Actinobacteria|c__Thermoleophilia|o__Thermoleophilales|f__Thermoleophilaceae|g__Thermoleophilum|s__Thermoleophilum_album,0.009513971669886823,-6.0,-6.0,Higher in Lean,0.17282039152133444
k__Bacteria|p__Proteobacteria|c__Gammaproteobacteria|o__Pasteurellales|f__Pasteurellaceae|g__Haemophilus|s__Haemophilus_parainfluenzae,0.010769105448595063,-2.29717939258089,-6.0,Higher in Lean,0.17282039152133444
k__Bacteria|p__Firmicutes|c__Clostridia|o__Clostridiales|f__Lachnospiraceae|g__Roseburia|s__Roseburia_sp_CAG_182,0.010881283910602538,-2.04978365847222,-6.0,Higher in Lean,0.17282039152133444
k__Bacteria|p__Fusobacteria|c__Fusobacteriia|o__Fusobacteriales|f__Fusobacteriaceae|g__Fusobacterium|s__Fusobacterium_sp_CAG_439,0.010825434520454319,-6.0,-6.0,Higher in Lean,0.17282039152133444
k__Bacteria|p__Proteobacteria|c__Gammaproteobacteria|o__Enterobacterales|f__Enterobacteriaceae|g__Klebsiella|s__Klebsiella_variicola,0.01183474413251446,-6.0,-6.0,Higher in Lean,0.17401364071866626
k__Bacteria|p__Firmicutes|c__Clostridia|o__Clostridiales|f__Eubacteriaceae|g__Eubacterium|s__Eubacterium_sp_CAG_786,0.012245404346869108,-6.0,-6.0,Higher in Lean,0.17401364071866626
k__Bacteria|p__Firmicutes|c__Clostridia|o__Clostridiales|f__Lachnospiraceae|g__Lachnospiraceae_unclassified|s__Eubacterium_rectale,0.01567429165452113,-0.09200251962472185,0.108281151328034,Higher in Obese,0.20152660698670027
k__Bacteria|p__Firmicutes|c__Clostridia|o__Clostridiales|f__Eubacteriaceae|g__Eubacterium|s__Eubacterium_sp_CAG_180,0.015180815614084565,-6.0,-6.0,Higher in Lean,0.20152660698670027
k__Bacteria|p__Firmicutes|c__Clostridia|o__Clostridiales|f__Clostridiaceae|g__Clostridium|s__Clostridium_sp_CAG_411,0.0199161323488657,-6.0,-6.0,Higher in Lean,0.21609090538975054
k__Bacteria|p__Bacteroidetes|c__Bacteroidia|o__Bacteroidales|f__Bacteroidaceae|g__Bacteroides|s__Bacteroides_massiliensis,0.018100476339418352,-6.0,-6.0,Higher in Lean,0.21609090538975054
k__Bacteria|p__Firmicutes|c__Clostridia|o__Clostridiales|f__Lachnospiraceae|g__Anaerostipes|s__Anaerostipes_hadrus,0.02000841716571764,-0.350861830313205,-0.516083363157963,Higher in Lean,0.21609090538975054
k__Bacteria|p__Bacteroidetes|c__Bacteroidia|o__Bacteroidales|f__Bacteroidaceae|g__Bacteroides|s__Bacteroides_intestinalis,0.01936811262227929,-6.0,-6.0,Higher in Lean,0.21609090538975054
k__Archaea|p__Euryarchaeota|c__Methanobacteria|o__Methanobacteriales|f__Methanobacteriaceae|g__Methanobrevibacter|s__Methanobrevibacter_smithii,0.022511896927772022,-2.689157924595815,-6.0,Higher in Lean,0.23377739117301716
k__Bacteria|p__Firmicutes|c__Bacilli|o__Bacillales|f__Bacillaceae|g__Hydrogenibacillus|s__Hydrogenibacillus_schlegelii,0.024071325819944953,-6.0,-6.0,Higher in Lean,0.23883135459734006
k__Bacteria|p__Firmicutes|c__Negativicutes|o__Veillonellales|f__Veillonellaceae|g__Veillonella|s__Veillonella_sp_T11011_6,0.024767696032316745,-6.0,-6.0,Higher in Lean,0.23883135459734006
k__Bacteria|p__Bacteroidetes|c__Bacteroidia|o__Bacteroidales|f__Barnesiellaceae|g__Coprobacter|s__Coprobacter_secundus,0.03149467276010559,-6.0,-6.0,Higher in Lean,0.2834520548409503
k__Bacteria|p__Firmicutes|c__Clostridia|o__Clostridiales|f__Ruminococcaceae|g__Ruminococcaceae_unclassified|s__Clostridium_leptum,0.03067861400528063,-2.2557265382713,-2.12257105921178,Higher in Obese,0.2834520548409503
k__Bacteria|p__Firmicutes|c__Clostridia|o__Clostridiales|f__Clostridiaceae|g__Clostridium|s__Clostridium_sp_CAG_413,0.03846123593082233,-6.0,-6.0,Higher in Lean,0.3349849581071623
k__Bacteria|p__Firmicutes|c__Negativicutes|o__Selenomonadales|f__Selenomonadaceae|g__Mitsuokella|s__Mitsuokella_jalaludinii,0.04759801811493645,-6.0,-6.0,Higher in Lean,0.36470783062515466
k__Bacteria|p__Firmicutes|c__Clostridia|o__Clostridiales|f__Lachnospiraceae|g__Lachnospira|s__Lachnospira_pectinoschiza,0.047362171842799616,-0.6040393348128665,-0.101115277397328,Higher in Obese,0.36470783062515466
k__Bacteria|p__Firmicutes|c__Negativicutes|o__Veillonellales|f__Veillonellaceae|g__Megasphaera|s__Megasphaera_elsdenii,0.04482510766518752,-6.0,-6.0,Higher in Lean,0.36470783062515466
k__Bacteria|p__Actinobacteria|c__Coriobacteriia|o__Eggerthellales|f__Eggerthellaceae|g__Enterorhabdus|s__Enterorhabdus_caecimuris,0.044828284310761995,-2.665419644465045,-3.00392634551472,Higher in Lean,0.36470783062515466
k__Bacteria|p__Firmicutes|c__Clostridia|o__Clostridiales|f__Lachnospiraceae|g__Dorea|s__Dorea_sp_CAG_317,0.04862771075002062,-6.0,-6.0,Higher in Lean,0.36470783062515466
k__Eukaryota|p__Eukaryota_unclassified|c__Eukaryota_unclassified|o__Eukaryota_unclassified|f__Eukaryota_unclassified|g__Blastocystis|s__Blastocystis_sp_subtype_1,0.0503475785552078,-6.0,-6.0,Higher in Lean,0.36740124891638126
k__Bacteria|p__Actinobacteria|c__Coriobacteriia|o__Coriobacteriales|f__Coriobacteriaceae|g__Enorma|s__Enorma_massiliensis,0.053692252561949115,-2.43818701110279,-2.63432485954408,Higher in Lean,0.3814975839927963
k__Bacteria|p__Firmicutes|c__Clostridia|o__Clostridiales|f__Lachnospiraceae|g__Coprococcus|s__Coprococcus_catus,0.057782401475384444,-0.9232301338499295,-1.0306726331006,Higher in Lean,0.40003201021420004
k__Bacteria|p__Firmicutes|c__Negativicutes|o__Veillonellales|f__Veillonellaceae|g__Veillonella|s__Veillonella_atypica,0.0720949250548633,-6.0,-6.0,Higher in Lean,0.4018948648771784
k__Bacteria|p__Actinobacteria|c__Coriobacteriia|o__Eggerthellales|f__Eggerthellaceae|g__Gordonibacter|s__Gordonibacter_pamelaeae,0.0689094110548549,-2.3136422798793097,-2.55893359336074,Higher in Lean,0.4018948648771784
k__Bacteria|p__Firmicutes|c__Negativicutes|o__Veillonellales|f__Veillonellaceae|g__Allisonella|s__Allisonella_histaminiformans,0.06811542540281716,-6.0,-6.0,Higher in Lean,0.4018948648771784
k__Bacteria|p__Firmicutes|c__Clostridia|o__Clostridiales|f__Ruminococcaceae|g__Ruthenibacterium|s__Ruthenibacterium_lactatiformans,0.07002064408358663,-1.2636754048294598,-1.3587143229526,Higher in Lean,0.4018948648771784
k__Bacteria|p__Firmicutes|c__Clostridia|o__Clostridiales|f__Ruminococcaceae|g__Ruminococcaceae_unclassified|s__Eubacterium_siraeum,0.07142829135142954,-0.381628863389901,-0.773062584566691,Higher in Lean,0.4018948648771784
k__Bacteria|p__Proteobacteria|c__Gammaproteobacteria|o__Enterobacterales|f__Enterobacteriaceae|g__Escherichia|s__Escherichia_coli,0.07293647547771016,-3.049147996507425,-2.05943371350991,Higher in Obese,0.4018948648771784
k__Bacteria|p__Firmicutes|c__Erysipelotrichia|o__Erysipelotrichales|f__Erysipelotrichaceae|g__Absiella|s__Absiella_dolichum,0.06241825100096916,-6.0,-6.0,Higher in Lean,0.4018948648771784
k__Bacteria|p__Candidatus_Melainabacteria|c__Candidatus_Melainabacteria_unclassified|o__Candidatus_Gastranaerophilales|f__Candidatus_Gastranaerophilales_unclassified|g__Candidatus_Gastranaerophilales_unclassified|s__Candidatus_Gastranaerophilales_bacterium,0.06819218633264242,-6.0,-6.0,Higher in Lean,0.4018948648771784
k__Bacteria|p__Firmicutes|c__Clostridia|o__Clostridiales|f__Lachnospiraceae|g__Coprococcus|s__Coprococcus_eutactus,0.0664967921215714,-0.8105897014148671,-2.12953756841108,Higher in Lean,0.4018948648771784
k__Bacteria|p__Firmicutes|c__Firmicutes_unclassified|o__Firmicutes_unclassified|f__Firmicutes_unclassified|g__Firmicutes_unclassified|s__Firmicutes_bacterium_CAG_95,0.07161816389056308,-1.45340213997153,-1.85167503696118,Higher in Lean,0.4018948648771784
k__Bacteria|p__Firmicutes|c__Clostridia|o__Clostridiales|f__Ruminococcaceae|g__Ruminococcus|s__Ruminococcus_bromii,0.07540058986271454,-0.06254133619102555,0.155117620500049,Higher in Obese,0.4071631852586586
k__Bacteria|p__Firmicutes|c__Negativicutes|o__Veillonellales|f__Veillonellaceae|g__Veillonella|s__Veillonella_parvula,0.08214459887382314,-2.448085641091705,-6.0,Higher in Lean,0.43488317050847547
k__Bacteria|p__Firmicutes|c__Clostridia|o__Clostridiales|f__Ruminococcaceae|g__Ruminococcaceae_unclassified|s__Ruminococcaceae_bacterium_D5,0.08467778849464207,-6.0,-6.0,Higher in Lean,0.4396731325683338
k__Bacteria|p__Actinobacteria|c__Actinobacteria|o__Actinomycetales|f__Actinomycetaceae|g__Actinomyces|s__Actinomyces_sp_S6_Spd3,0.09406783767600373,-6.0,-6.0,Higher in Lean,0.44067586521485913
k__Bacteria|p__Firmicutes|c__Clostridia|o__Clostridiales|f__Clostridiaceae|g__Clostridium|s__Clostridium_bolteae_CAG_59,0.095580575402972,-6.0,-6.0,Higher in Lean,0.44067586521485913
k__Bacteria|p__Firmicutes|c__Bacilli|o__Lactobacillales|f__Streptococcaceae|g__Lactococcus|s__Lactococcus_lactis,0.09371146280553301,-6.0,-6.0,Higher in Lean,0.44067586521485913
k__Bacteria|p__Firmicutes|c__Clostridia|o__Clostridiales|f__Lachnospiraceae|g__Lachnoclostridium|s__Clostridium_bolteae,0.09705565450734617,-6.0,-6.0,Higher in Lean,0.44067586521485913
k__Bacteria|p__Firmicutes|c__Clostridia|o__Clostridiales|f__Lachnospiraceae|g__Butyrivibrio|s__Butyrivibrio_crossotus,0.09792797004774646,-6.0,-6.0,Higher in Lean,0.44067586521485913
k__Bacteria|p__Actinobacteria|c__Actinobacteria|o__Bifidobacteriales|f__Bifidobacteriaceae|g__Bifidobacterium|s__Bifidobacterium_pseudocatenulatum,0.09092076806752102,-6.0,-6.0,Higher in Lean,0.44067586521485913
k__Bacteria|p__Proteobacteria|c__Gammaproteobacteria|o__Aeromonadales|f__Succinivibrionaceae|g__Anaerobiospirillum|s__Anaerobiospirillum_thomasii,0.08985288807800082,-6.0,-6.0,Higher in Lean,0.44067586521485913
k__Bacteria|p__Firmicutes|c__Negativicutes|o__Selenomonadales|f__Selenomonadaceae|g__Mitsuokella|s__Mitsuokella_multacida,0.09270801672035338,-6.0,-6.0,Higher in Lean,0.44067586521485913
k__Bacteria|p__Proteobacteria|c__Betaproteobacteria|o__Burkholderiales|f__Oxalobacteraceae|g__Oxalobacter|s__Oxalobacter_formigenes,0.0998873803973318,-6.0,-6.0,Higher in Lean,0.4421244706111408
k__Bacteria|p__Firmicutes|c__Clostridia|o__Clostridiales|f__Lachnospiraceae|g__Lachnoclostridium|s__Clostridium_symbiosum,0.10200100286657364,-6.0,-6.0,Higher in Lean,0.4441979157092723
k__Bacteria|p__Actinobacteria|c__Actinobacteria|o__Micrococcales|f__Micrococcaceae|g__Rothia|s__Rothia_mucilaginosa,0.11882781412701607,-6.0,-6.0,Higher in Lean,0.4456632011204491
k__Bacteria|p__Firmicutes|c__Erysipelotrichia|o__Erysipelotrichales|f__Erysipelotrichaceae|g__Erysipelatoclostridium|s__Erysipelatoclostridium_ramosum,0.10796273229652668,-6.0,-6.0,Higher in Lean,0.4456632011204491
k__Bacteria|p__Firmicutes|c__Clostridia|o__Clostridiales|f__Oscillospiraceae|g__Oscillibacter|s__Oscillibacter_sp_CAG_241,0.11981781317028362,-0.8507805987654016,-0.940773698162333,Higher in Lean,0.4456632011204491
k__Bacteria|p__Firmicutes|c__Clostridia|o__Clostridiales|f__Lachnospiraceae|g__Dorea|s__Dorea_formicigenerans,0.10630762235624497,-0.859206084059557,-0.794765853785644,Higher in Obese,0.4456632011204491
k__Bacteria|p__Bacteroidetes|c__Bacteroidia|o__Bacteroidales|f__Prevotellaceae|g__Prevotella|s__Prevotella_corporis,0.1158068835683954,-6.0,-6.0,Higher in Lean,0.4456632011204491
k__Bacteria|p__Firmicutes|c__Clostridia|o__Clostridiales|f__Oscillospiraceae|g__Oscillibacter|s__Oscillibacter_sp_PC13,0.12032312492606914,-6.0,-6.0,Higher in Lean,0.4456632011204491
k__Bacteria|p__Firmicutes|c__Clostridia|o__Clostridiales|f__Clostridiaceae|g__Clostridium|s__Clostridium_sp_CAG_242,0.11331079254072697,-6.0,-6.0,Higher in Lean,0.4456632011204491
k__Bacteria|p__Bacteroidetes|c__Bacteroidia|o__Bacteroidales|f__Bacteroidaceae|g__Bacteroides|s__Bacteroides_vulgatus,0.12049412474738068,0.438647831354408,0.630573395233387,Higher in Obese,0.4456632011204491
k__Bacteria|p__Firmicutes|c__Clostridia|o__Clostridiales|f__Eubacteriaceae|g__Eubacterium|s__Eubacterium_sp_OM08_24,0.11352633081249433,-6.0,-6.0,Higher in Lean,0.4456632011204491
k__Bacteria|p__Firmicutes|c__Firmicutes_unclassified|o__Firmicutes_unclassified|f__Firmicutes_unclassified|g__Firmicutes_unclassified|s__Firmicutes_bacterium_CAG_110,0.11955107288778036,-0.8142013185352945,-1.11058063363943,Higher in Lean,0.4456632011204491
k__Bacteria|p__Actinobacteria|c__Actinobacteria|o__Bifidobacteriales|f__Bifidobacteriaceae|g__Aeriscardovia|s__Aeriscardovia_aeriphila,0.11621062030818309,-2.69953526796653,-3.040481623027,Higher in Lean,0.4456632011204491
k__Bacteria|p__Firmicutes|c__Clostridia|o__Clostridiales|f__Lachnospiraceae|g__Roseburia|s__Roseburia_intestinalis,0.13400946285596765,-0.6296486866923889,-0.396248472922948,Higher in Obese,0.4482759012833639
k__Bacteria|p__Firmicutes|c__Clostridia|o__Clostridiales|f__Lachnospiraceae|g__Lachnoclostridium|s__Clostridium_asparagiforme,0.13265070053945735,-6.0,-6.0,Higher in Lean,0.4482759012833639
k__Bacteria|p__Firmicutes|c__Firmicutes_unclassified|o__Firmicutes_unclassified|f__Firmicutes_unclassified|g__Firmicutes_unclassified|s__Firmicutes_bacterium_CAG_170,0.13448277038500916,-1.973661374652965,-2.58989792335714,Higher in Lean,0.4482759012833639
k__Bacteria|p__Firmicutes|c__Negativicutes|o__Acidaminococcales|f__Acidaminococcaceae|g__Phascolarctobacterium|s__Phascolarctobacterium_succinatutens,0.1318002301336553,-6.0,-6.0,Higher in Lean,0.4482759012833639
k__Bacteria|p__Bacteroidetes|c__Bacteroidia|o__Bacteroidales|f__Bacteroidaceae|g__Bacteroides|s__Bacteroides_ovatus,0.13054005226499873,-0.8359884524491354,-0.698490373880566,Higher in Obese,0.4482759012833639
k__Bacteria|p__Firmicutes|c__Limnochordia|o__Limnochordales|f__Limnochordaceae|g__Limnochorda|s__Limnochorda_pilosa,0.1256321379243967,-6.0,-6.0,Higher in Lean,0.4482759012833639
k__Bacteria|p__Bacteroidetes|c__Bacteroidia|o__Bacteroidales|f__Bacteroidaceae|g__Bacteroides|s__Bacteroides_nordii,0.12906274120999867,-6.0,-6.0,Higher in Lean,0.4482759012833639
k__Bacteria|p__Firmicutes|c__Bacilli|o__Lactobacillales|f__Streptococcaceae|g__Streptococcus|s__Streptococcus_oralis,0.13300873550669584,-6.0,-6.0,Higher in Lean,0.4482759012833639
k__Bacteria|p__Firmicutes|c__Bacilli|o__Lactobacillales|f__Streptococcaceae|g__Streptococcus|s__Streptococcus_sanguinis,0.1409209603802466,-6.0,-6.0,Higher in Lean,0.46400804027642173
k__Bacteria|p__Firmicutes|c__Bacilli|o__Bacillales|f__Bacillales_unclassified|g__Gemella|s__Gemella_sanguinis,0.1434343775773043,-6.0,-6.0,Higher in Lean,0.4665937583840019
k__Bacteria|p__Firmicutes|c__Bacilli|o__Lactobacillales|f__Streptococcaceae|g__Streptococcus|s__Streptococcus_infantis,0.15072838715265807,-6.0,-6.0,Higher in Lean,0.4677777532323871
k__Bacteria|p__Firmicutes|c__Clostridia|o__Clostridiales|f__Lachnospiraceae|g__Blautia|s__Ruminococcus_gnavus,0.15014843169403516,-6.0,-6.0,Higher in Lean,0.4677777532323871
k__Bacteria|p__Actinobacteria|c__Coriobacteriia|o__Eggerthellales|f__Eggerthellaceae|g__Slackia|s__Slackia_isoflavoniconvertens,0.14761672411250878,-1.5685815445602098,-1.97098167045352,Higher in Lean,0.4677777532323871
k__Bacteria|p__Bacteroidetes|c__Bacteroidia|o__Bacteroidales|f__Bacteroidaceae|g__Bacteroides|s__Bacteroides_dorei,0.14586793892667368,0.22892700514098502,-0.30094227703792,Higher in Lean,0.4677777532323871
k__Bacteria|p__Firmicutes|c__Firmicutes_unclassified|o__Firmicutes_unclassified|f__Firmicutes_unclassified|g__Firmicutes_unclassified|s__Firmicutes_bacterium_CAG_145,0.16121091596989345,-6.0,-6.0,Higher in Lean,0.49462440127126395
k__Bacteria|p__Proteobacteria|c__Gammaproteobacteria|o__Aeromonadales|f__Succinivibrionaceae|g__Succinatimonas|s__Succinatimonas_hippei,0.16489760787369312,-6.0,-6.0,Higher in Lean,0.4952521439893458
k__Bacteria|p__Bacteroidetes|c__Bacteroidia|o__Bacteroidales|f__Rikenellaceae|g__Alistipes|s__Alistipes_inops,0.1650840479964486,-1.9373862751457849,-6.0,Higher in Lean,0.4952521439893458
k__Bacteria|p__Firmicutes|c__Clostridia|o__Clostridiales|f__Lachnospiraceae|g__Blautia|s__Ruminococcus_torques,0.17428730685256066,-0.7254650464906,-0.610176767135543,Higher in Obese,0.5171161851669382
k__Bacteria|p__Firmicutes|c__Bacilli|o__Lactobacillales|f__Streptococcaceae|g__Streptococcus|s__Streptococcus_mitis,0.1813829680544039,-6.0,-6.0,Higher in Lean,0.526595713706334
k__Bacteria|p__Bacteroidetes|c__Bacteroidia|o__Bacteroidales|f__Rikenellaceae|g__Alistipes|s__Alistipes_indistinctus,0.1806426185597163,-1.764522343917245,-1.96453023651872,Higher in Lean,0.526595713706334
k__Bacteria|p__Bacteroidetes|c__Bacteroidia|o__Bacteroidales|f__Bacteroidaceae|g__Bacteroides|s__Bacteroides_xylanisolvens,0.19668708656353684,-0.8782259458141599,-1.10490357350465,Higher in Lean,0.5465080650199681
k__Bacteria|p__Firmicutes|c__Clostridia|o__Clostridiales|f__Lachnospiraceae|g__Blautia|s__Blautia_wexlerae,0.21657912206346885,-1.3536400407992049,-1.45629194880964,Higher in Lean,0.5465080650199681
k__Bacteria|p__Firmicutes|c__Erysipelotrichia|o__Erysipelotrichales|f__Erysipelotrichaceae|g__Erysipelatoclostridium|s__Clostridium_spiroforme,0.19786966381303828,-6.0,-6.0,Higher in Lean,0.5465080650199681
k__Bacteria|p__Bacteroidetes|c__Bacteroidia|o__Bacteroidales|f__Bacteroidaceae|g__Bacteroides|s__Bacteroides_fragilis,0.1984152155160862,-6.0,-2.01452861671041,Higher in Obese,0.5465080650199681
k__Bacteria|p__Firmicutes|c__Clostridia|o__Clostridiales|f__Lachnospiraceae|g__Roseburia|s__Roseburia_faecis,0.21000570836406163,0.1739757240020855,0.29191049252397,Higher in Obese,0.5465080650199681
k__Bacteria|p__Bacteroidetes|c__Bacteroidia|o__Bacteroidales|f__Odoribacteraceae|g__Odoribacter|s__Odoribacter_splanchnicus,0.2159344850551289,-0.19326579350905498,-0.223879473729801,Higher in Lean,0.5465080650199681
k__Bacteria|p__Bacteroidetes|c__Bacteroidia|o__Bacteroidales|f__Prevotellaceae|g__Prevotella|s__Prevotella_disiens,0.20231233505171853,-6.0,-6.0,Higher in Lean,0.5465080650199681
k__Bacteria|p__Firmicutes|c__Clostridia|o__Clostridiales|f__Clostridiaceae|g__Hungatella|s__Hungatella_hathewayi,0.21090232428383193,-6.0,-6.0,Higher in Lean,0.5465080650199681
k__Bacteria|p__Bacteroidetes|c__Bacteroidia|o__Bacteroidales|f__Prevotellaceae|g__Prevotella|s__Prevotella_sp_CAG_279,0.20771866680938844,-6.0,-6.0,Higher in Lean,0.5465080650199681
k__Bacteria|p__Actinobacteria|c__Coriobacteriia|o__Coriobacteriales|f__Atopobiaceae|g__Olsenella|s__Olsenella_scatoligenes,0.2088236817963378,-2.65742030313087,-2.74933608053676,Higher in Lean,0.5465080650199681
k__Bacteria|p__Firmicutes|c__Clostridia|o__Clostridiales|f__Lachnospiraceae|g__Lachnoclostridium|s__Clostridium_citroniae,0.20379521194392825,-6.0,-6.0,Higher in Lean,0.5465080650199681
k__Bacteria|p__Firmicutes|c__Clostridia|o__Clostridiales|f__Lachnospiraceae|g__Lachnoclostridium|s__Lachnoclostridium_sp_An138,0.21487147320687972,-6.0,-6.0,Higher in Lean,0.5465080650199681
k__Bacteria|p__Firmicutes|c__Negativicutes|o__Veillonellales|f__Veillonellaceae|g__Veillonella|s__Veillonella_rogosae,0.19056516113803312,-6.0,-6.0,Higher in Lean,0.5465080650199681
k__Bacteria|p__Actinobacteria|c__Actinobacteria|o__Bifidobacteriales|f__Bifidobacteriaceae|g__Bifidobacterium|s__Bifidobacterium_longum,0.20437292986188238,-0.8220175486651036,-0.959037874550037,Higher in Lean,0.5465080650199681
k__Bacteria|p__Firmicutes|c__Bacilli|o__Lactobacillales|f__Streptococcaceae|g__Streptococcus|s__Streptococcus_salivarius,0.2187930972274159,-1.7762316981726052,-1.91253803382818,Higher in Lean,0.5469827430685398
k__Bacteria|p__Firmicutes|c__Erysipelotrichia|o__Erysipelotrichales|f__Erysipelotrichaceae|g__Faecalitalea|s__Faecalitalea_cylindroides,0.2221951150885183,-6.0,-6.0,Higher in Lean,0.5503915694853205
k__Bacteria|p__Proteobacteria|c__Deltaproteobacteria|o__Desulfovibrionales|f__Desulfovibrionaceae|g__Desulfovibrionaceae_unclassified|s__Desulfovibrionaceae_bacterium,0.22796227428307525,-6.0,-6.0,Higher in Lean,0.5595437641493666
k__Bacteria|p__Firmicutes|c__Clostridia|o__Clostridiales|f__Clostridiaceae|g__Clostridium|s__Clostridium_sp_CAG_299,0.23964349453350142,-6.0,-6.0,Higher in Lean,0.5829166083247332
k__Bacteria|p__Firmicutes|c__Clostridia|o__Clostridiales|f__Lachnospiraceae|g__Roseburia|s__Roseburia_hominis,0.24376524816819334,-0.639703760148943,-0.666893442727433,Higher in Lean,0.5876483661197518
k__Bacteria|p__Lentisphaerae|c__Lentisphaeria|o__Victivallales|f__Victivallaceae|g__Victivallis|s__Victivallis_vadensis,0.2512828627337088,-6.0,-6.0,Higher in Lean,0.600410379983198
k__Bacteria|p__Firmicutes|c__Clostridia|o__Clostridiales|f__Clostridiales_unclassified|g__Clostridiales_unclassified|s__Clostridiales_bacterium_1_7_47FAA,0.2606338374913988,-6.0,-6.0,Higher in Lean,0.6093573563505045
k__Bacteria|p__Firmicutes|c__Bacilli|o__Lactobacillales|f__Streptococcaceae|g__Streptococcus|s__Streptococcus_parasanguinis,0.2603297667758847,-2.0249887508296,-2.37871983244959,Higher in Lean,0.6093573563505045
k__Bacteria|p__Bacteroidetes|c__Bacteroidia|o__Bacteroidales|f__Prevotellaceae|g__Prevotella|s__Prevotella_copri,0.2617979753209575,-6.0,-6.0,Higher in Lean,0.6093573563505045
k__Bacteria|p__Proteobacteria|c__Gammaproteobacteria|o__Pasteurellales|f__Pasteurellaceae|g__Haemophilus|s__Haemophilus_sp_HMSC71H05,0.2663944795170706,-6.0,-6.0,Higher in Lean,0.6147564911932399
k__Bacteria|p__Actinobacteria|c__Coriobacteriia|o__Eggerthellales|f__Eggerthellaceae|g__Asaccharobacter|s__Asaccharobacter_celatus,0.2692379749510688,-2.06257211483452,-2.05695088899159,Higher in Obese,0.6160529935321066
k__Bacteria|p__Firmicutes|c__Erysipelotrichia|o__Erysipelotrichales|f__Erysipelotrichaceae|g__Faecalicoccus|s__Faecalicoccus_pleomorphus,0.2739132948483044,-6.0,-6.0,Higher in Lean,0.6214839462944721
k__Bacteria|p__Actinobacteria|c__Coriobacteriia|o__Coriobacteriales|f__Coriobacteriaceae|g__Collinsella|s__Collinsella_intestinalis,0.27643225588334264,-2.0963217274640247,-2.24481141439168,Higher in Lean,0.621972575737521
k__Bacteria|p__Firmicutes|c__Negativicutes|o__Acidaminococcales|f__Acidaminococcaceae|g__Phascolarctobacterium|s__Phascolarctobacterium_faecium,0.2840519831580419,-6.0,-6.0,Higher in Lean,0.6273131896772632
k__Bacteria|p__Firmicutes|c__Clostridia|o__Clostridiales|f__Lachnospiraceae|g__Eisenbergiella|s__Eisenbergiella_massiliensis,0.28577600863075325,-6.0,-6.0,Higher in Lean,0.6273131896772632
k__Bacteria|p__Firmicutes|c__Clostridia|o__Clostridiales|f__Ruminococcaceae|g__Faecalibacterium|s__Faecalibacterium_prausnitzii,0.28138308262588263,0.7246579488153315,0.705915944168156,Higher in Lean,0.6273131896772632
k__Bacteria|p__Firmicutes|c__Clostridia|o__Clostridiales|f__Ruminococcaceae|g__Ruminococcus|s__Ruminococcus_sp_CAG_330,0.2915466714692092,-6.0,-6.0,Higher in Lean,0.6277991998241976
k__Bacteria|p__Bacteroidetes|c__Bacteroidia|o__Bacteroidales|f__Bacteroidaceae|g__Bacteroides|s__Bacteroides_clarus,0.29195500972581123,-6.0,-6.0,Higher in Lean,0.6277991998241976
k__Bacteria|p__Firmicutes|c__Clostridia|o__Clostridiales|f__Eubacteriaceae|g__Eubacterium|s__Eubacterium_eligens,0.2929729599179589,0.04457666690993805,-0.0391863936070933,Higher in Lean,0.6277991998241976
k__Bacteria|p__Firmicutes|c__Clostridia|o__Clostridiales|f__Clostridiaceae|g__Clostridium|s__Clostridium_sp_CAG_167,0.2964562234274043,-1.8603820817128,-6.0,Higher in Lean,0.6302612624047178
k__Bacteria|p__Firmicutes|c__Clostridia|o__Clostridiales|f__Lachnospiraceae|g__Blautia|s__Blautia_producta,0.3082598849233832,-6.0,-6.0,Higher in Lean,0.6463834583889276
k__Bacteria|p__Firmicutes|c__Clostridia|o__Clostridiales|f__Ruminococcaceae|g__Ruminococcaceae_unclassified|s__Ruminococcaceae_bacterium_D16,0.30882765234137655,-6.0,-6.0,Higher in Lean,0.6463834583889276
k__Bacteria|p__Firmicutes|c__Clostridia|o__Clostridiales|f__Eubacteriaceae|g__Eubacterium|s__Eubacterium_sp_CAG_38,0.31335104913439515,-0.904129559855535,-0.757033926077352,Higher in Obese,0.6508060251252823
k__Bacteria|p__Actinobacteria|c__Actinobacteria|o__Bifidobacteriales|f__Bifidobacteriaceae|g__Bifidobacterium|s__Bifidobacterium_adolescentis,0.3223215207838189,-0.49203332130425703,-0.632195105248117,Higher in Lean,0.6643267985620696
k__Bacteria|p__Firmicutes|c__Clostridia|o__Clostridiales|f__Ruminococcaceae|g__Anaerotruncus|s__Anaerotruncus_colihominis,0.3298453336117263,-6.0,-6.0,Higher in Lean,0.6696108276328279
k__Bacteria|p__Bacteroidetes|c__Bacteroidia|o__Bacteroidales|f__Prevotellaceae|g__Prevotella|s__Prevotella_buccalis,0.3283074292974154,-6.0,-6.0,Higher in Lean,0.6696108276328279
k__Bacteria|p__Firmicutes|c__Clostridia|o__Clostridiales|f__Lachnospiraceae|g__Blautia|s__Blautia_hydrogenotrophica,0.3336673484309268,-6.0,-6.0,Higher in Lean,0.6723148065399271
k__Bacteria|p__Firmicutes|c__Clostridia|o__Clostridiales|f__Eubacteriaceae|g__Eubacterium|s__Eubacterium_ramulus,0.33788267382246007,-1.4433839595002151,-1.39836365235176,Higher in Obese,0.6757653476449201
k__Bacteria|p__Actinobacteria|c__Actinobacteria|o__Bifidobacteriales|f__Bifidobacteriaceae|g__Bifidobacterium|s__Bifidobacterium_bifidum,0.3495262054946191,-6.0,-6.0,Higher in Lean,0.6819849848641778
k__Bacteria|p__Firmicutes|c__Clostridia|o__Clostridiales|f__Ruminococcaceae|g__Flavonifractor|s__Flavonifractor_sp_An10,0.351045810706082,-6.0,-6.0,Higher in Lean,0.6819849848641778
k__Bacteria|p__Bacteroidetes|c__Bacteroidia|o__Bacteroidales|f__Tannerellaceae|g__Parabacteroides|s__Parabacteroides_johnsonii,0.3487143411082463,-6.0,-6.0,Higher in Lean,0.6819849848641778
k__Bacteria|p__Firmicutes|c__Bacilli|o__Lactobacillales|f__Lactobacillaceae|g__Lactobacillus|s__Lactobacillus_ruminis,0.351095973689336,-6.0,-6.0,Higher in Lean,0.6819849848641778
k__Bacteria|p__Bacteroidetes|c__Bacteroidia|o__Bacteroidales|f__Rikenellaceae|g__Alistipes|s__Alistipes_timonensis,0.3640283020827664,-6.0,-6.0,Higher in Lean,0.6858303477348157
k__Bacteria|p__Firmicutes|c__Clostridia|o__Clostridiales|f__Lachnospiraceae|g__Roseburia|s__Roseburia_inulinivorans,0.36831629785758624,-0.30712304821435,-0.126992877727635,Higher in Obese,0.6858303477348157
k__Bacteria|p__Bacteroidetes|c__Bacteroidia|o__Bacteroidales|f__Odoribacteraceae|g__Butyricimonas|s__Butyricimonas_synergistica,0.3575013881012197,-6.0,-3.50723961097316,Higher in Obese,0.6858303477348157
k__Bacteria|p__Firmicutes|c__Clostridia|o__Clostridiales|f__Ruminococcaceae|g__Gemmiger|s__Gemmiger_formicilis,0.3673794387606699,-0.7882231013068826,-0.810759610874644,Higher in Lean,0.6858303477348157
k__Bacteria|p__Firmicutes|c__Clostridia|o__Clostridiales|f__Christensenellaceae|g__Christensenella|s__Christensenella_minuta,0.36412915264155044,-6.0,-6.0,Higher in Lean,0.6858303477348157
k__Bacteria|p__Firmicutes|c__Clostridia|o__Clostridiales|f__Oscillospiraceae|g__Oscillibacter|s__Oscillibacter_sp_57_20,0.36470603349200736,-0.452077040125732,-0.476811713092547,Higher in Lean,0.6858303477348157
k__Bacteria|p__Bacteroidetes|c__Bacteroidia|o__Bacteroidales|f__Barnesiellaceae|g__Coprobacter|s__Coprobacter_fastidiosus,0.38239988872978103,-1.71304372724925,-1.51426438112019,Higher in Obese,0.7071778764180882
k__Bacteria|p__Bacteroidetes|c__Bacteroidia|o__Bacteroidales|f__Bacteroidaceae|g__Bacteroides|s__Bacteroides_sp_CAG_661,0.3935009326296375,-6.0,-6.0,Higher in Lean,0.7227568150340281
k__Bacteria|p__Spirochaetes|c__Spirochaetia|o__Brachyspirales|f__Brachyspiraceae|g__Brachyspira|s__Brachyspira_sp_CAG_700,0.41205988192629683,-6.0,-6.0,Higher in Lean,0.7336977012775919
k__Bacteria|p__Firmicutes|c__Clostridia|o__Clostridiales|f__Lachnospiraceae|g__Eisenbergiella|s__Eisenbergiella_tayi,0.4159635278933702,-6.0,-6.0,Higher in Lean,0.7336977012775919
k__Bacteria|p__Bacteroidetes|c__Bacteroidia|o__Bacteroidales|f__Prevotellaceae|g__Paraprevotella|s__Paraprevotella_clara,0.41618138018483464,-6.0,-6.0,Higher in Lean,0.7336977012775919
k__Bacteria|p__Firmicutes|c__Clostridia|o__Clostridiales|f__Clostridiaceae|g__Clostridium|s__Clostridium_disporicum,0.42119307877178824,-6.0,-6.0,Higher in Lean,0.7336977012775919
k__Bacteria|p__Bacteroidetes|c__Bacteroidia|o__Bacteroidales|f__Bacteroidaceae|g__Bacteroides|s__Bacteroides_salyersiae,0.40241953025724375,-6.0,-6.0,Higher in Lean,0.7336977012775919
k__Bacteria|p__Proteobacteria|c__Deltaproteobacteria|o__Desulfovibrionales|f__Desulfovibrionaceae|g__Bilophila|s__Bilophila_wadsworthia,0.41198545775431905,-2.0180631544252,-1.75842861791083,Higher in Obese,0.7336977012775919
k__Bacteria|p__Firmicutes|c__Clostridia|o__Clostridiales|f__Ruminococcaceae|g__Agathobaculum|s__Agathobaculum_butyriciproducens,0.4086498883163998,-0.9396382290206371,-0.979717461085539,Higher in Lean,0.7336977012775919
k__Bacteria|p__Firmicutes|c__Erysipelotrichia|o__Erysipelotrichales|f__Erysipelotrichaceae|g__Holdemania|s__Holdemania_filiformis,0.4211968285112102,-2.21917207961722,-2.03334211579824,Higher in Obese,0.7336977012775919
k__Bacteria|p__Firmicutes|c__Clostridia|o__Clostridiales|f__Ruminococcaceae|g__Anaeromassilibacillus|s__Anaeromassilibacillus_sp_An250,0.4251761212714831,-1.6349659749866898,-1.80880058029848,Higher in Lean,0.73588174835449
k__Bacteria|p__Bacteroidetes|c__Bacteroidia|o__Bacteroidales|f__Bacteroidaceae|g__Bacteroides|s__Bacteroides_uniformis,0.4297724961550142,0.6973745023925505,0.669467602022748,Higher in Lean,0.7390991972092601
k__Bacteria|p__Firmicutes|c__Erysipelotrichia|o__Erysipelotrichales|f__Erysipelotrichaceae|g__Holdemanella|s__Holdemanella_biformis,0.4382765926842497,-2.28273446137323,-2.47095482923423,Higher in Lean,0.7489536710427052
k__Bacteria|p__Bacteroidetes|c__Bacteroidia|o__Bacteroidales|f__Prevotellaceae|g__Prevotella|s__Prevotella_stercorea,0.44483005771765216,-6.0,-6.0,Higher in Lean,0.750650722398538
k__Bacteria|p__Firmicutes|c__Negativicutes|o__Acidaminococcales|f__Acidaminococcaceae|g__Acidaminococcus|s__Acidaminococcus_intestini,0.4429677395638203,-6.0,-6.0,Higher in Lean,0.750650722398538
k__Bacteria|p__Actinobacteria|c__Actinobacteria|o__Bifidobacteriales|f__Bifidobacteriaceae|g__Bifidobacterium|s__Bifidobacterium_dentium,0.4621205491993762,-6.0,-6.0,Higher in Lean,0.767482881697231
k__Bacteria|p__Proteobacteria|c__Deltaproteobacteria|o__Desulfovibrionales|f__Desulfovibrionaceae|g__Desulfovibrio|s__Desulfovibrio_piger,0.45848497664190235,-6.0,-6.0,Higher in Lean,0.767482881697231
k__Bacteria|p__Actinobacteria|c__Actinobacteria|o__Bifidobacteriales|f__Bifidobacteriaceae|g__Bifidobacterium|s__Bifidobacterium_angulatum,0.46333225820980983,-6.0,-6.0,Higher in Lean,0.767482881697231
k__Bacteria|p__Firmicutes|c__Firmicutes_unclassified|o__Firmicutes_unclassified|f__Firmicutes_unclassified|g__Firmicutes_unclassified|s__Firmicutes_bacterium_CAG_94,0.4749624058119647,-2.40800894985153,-2.66534523311676,Higher in Lean,0.7819503022514053
k__Bacteria|p__Bacteroidetes|c__Bacteroidia|o__Bacteroidales|f__Bacteroidaceae|g__Bacteroides|s__Bacteroides_faecis_CAG_32,0.482811092813232,-6.0,-6.0,Higher in Lean,0.7900545155125613
k__Bacteria|p__Bacteroidetes|c__Bacteroidia|o__Bacteroidales|f__Rikenellaceae|g__Alistipes|s__Alistipes_shahii,0.4877591897768139,-0.7580008954464674,-0.841966369180646,Higher in Lean,0.79334326048036
k__Bacteria|p__Firmicutes|c__Bacilli|o__Lactobacillales|f__Streptococcaceae|g__Streptococcus|s__Streptococcus_vestibularis,0.4933076079839883,-6.0,-6.0,Higher in Lean,0.7962693164159109
k__Bacteria|p__Firmicutes|c__Clostridia|o__Clostridiales|f__Lachnospiraceae|g__Anaerotignum|s__Anaerotignum_lactatifermentans,0.5297601900189426,-6.0,-6.0,Higher in Lean,0.7962693164159109
k__Bacteria|p__Firmicutes|c__Bacilli|o__Lactobacillales|f__Streptococcaceae|g__Streptococcus|s__Streptococcus_thermophilus,0.49553111485036483,-6.0,-6.0,Higher in Lean,0.7962693164159109
k__Bacteria|p__Actinobacteria|c__Coriobacteriia|o__Eggerthellales|f__Eggerthellaceae|g__Adlercreutzia|s__Adlercreutzia_equolifaciens,0.5340350385263413,-2.30241519160041,-2.36542197714611,Higher in Lean,0.7962693164159109
k__Bacteria|p__Bacteroidetes|c__Bacteroidia|o__Bacteroidales|f__Tannerellaceae|g__Parabacteroides|s__Parabacteroides_sp_CAG_409,0.5356204875568276,-6.0,-6.0,Higher in Lean,0.7962693164159109
k__Bacteria|p__Firmicutes|c__Erysipelotrichia|o__Erysipelotrichales|f__Erysipelotrichaceae|g__Coprobacillus|s__Coprobacillus_cateniformis,0.5291870225477008,-6.0,-6.0,Higher in Lean,0.7962693164159109
k__Bacteria|p__Firmicutes|c__Clostridia|o__Clostridiales|f__Catabacteriaceae|g__Catabacter|s__Catabacter_hongkongensis,0.5379673958289454,-6.0,-6.0,Higher in Lean,0.7962693164159109
k__Bacteria|p__Firmicutes|c__Erysipelotrichia|o__Erysipelotrichales|f__Erysipelotrichaceae|g__Catenibacterium|s__Catenibacterium_mitsuokai,0.5396936477930063,-6.0,-6.0,Higher in Lean,0.7962693164159109
k__Bacteria|p__Firmicutes|c__Negativicutes|o__Acidaminococcales|f__Acidaminococcaceae|g__Acidaminococcus|s__Acidaminococcus_fermentans,0.5298655637904891,-6.0,-6.0,Higher in Lean,0.7962693164159109
k__Bacteria|p__Firmicutes|c__Clostridia|o__Clostridiales|f__Lachnospiraceae|g__Blautia|s__Blautia_obeum,0.5355739645415816,-0.9907948068506449,-1.03601867148837,Higher in Lean,0.7962693164159109
k__Bacteria|p__Firmicutes|c__Bacilli|o__Lactobacillales|f__Streptococcaceae|g__Streptococcus|s__Streptococcus_australis,0.512971514421187,-6.0,-6.0,Higher in Lean,0.7962693164159109
k__Bacteria|p__Bacteroidetes|c__Bacteroidia|o__Bacteroidales|f__Prevotellaceae|g__Prevotella|s__Prevotella_sp_CAG_520,0.5062983793993325,-6.0,-6.0,Higher in Lean,0.7962693164159109
k__Bacteria|p__Bacteroidetes|c__Bacteroidia|o__Bacteroidales|f__Rikenellaceae|g__Alistipes|s__Alistipes_finegoldii,0.5224368948589524,-0.729433136986928,-0.852227863346793,Higher in Lean,0.7962693164159109
k__Bacteria|p__Firmicutes|c__Clostridia|o__Clostridiales|f__Lachnospiraceae|g__Dorea|s__Dorea_longicatena,0.5138171750443793,-0.44283900416027255,-0.408745013280857,Higher in Obese,0.7962693164159109
k__Bacteria|p__Firmicutes|c__Clostridia|o__Clostridiales|f__Ruminococcaceae|g__Ruminococcus|s__Ruminococcus_sp_CAG_403,0.5276464335902651,-6.0,-6.0,Higher in Lean,0.7962693164159109
k__Bacteria|p__Firmicutes|c__Erysipelotrichia|o__Erysipelotrichales|f__Erysipelotrichaceae|g__Massiliomicrobiota|s__Massiliomicrobiota_timonensis,0.5342347376370531,-6.0,-6.0,Higher in Lean,0.7962693164159109
k__Bacteria|p__Firmicutes|c__Clostridia|o__Clostridiales|f__Ruminococcaceae|g__Flavonifractor|s__Flavonifractor_sp_An100,0.5139843796597249,-6.0,-6.0,Higher in Lean,0.7962693164159109
k__Bacteria|p__Bacteroidetes|c__Bacteroidia|o__Bacteroidales|f__Bacteroidaceae|g__Bacteroides|s__Bacteroides_sp_CAG_633,0.5443737219127724,-6.0,-6.0,Higher in Lean,0.7988092658502639
k__Bacteria|p__Firmicutes|c__Clostridia|o__Clostridiales|f__Clostridiales_unclassified|g__Clostridiales_unclassified|s__Clostridiales_bacterium_CHKCI006,0.5513186616683043,-6.0,-6.0,Higher in Lean,0.804627235948336
k__Bacteria|p__Bacteroidetes|c__Bacteroidia|o__Bacteroidales|f__Bacteroidaceae|g__Bacteroides|s__Bacteroides_sp_CAG_530,0.5599739448613823,-6.0,-6.0,Higher in Lean,0.8083823107008469
k__Bacteria|p__Bacteroidetes|c__Bacteroidia|o__Bacteroidales|f__Rikenellaceae|g__Alistipes|s__Alistipes_onderdonkii,0.5619231789115453,-6.0,-6.0,Higher in Lean,0.8083823107008469
k__Bacteria|p__Bacteroidetes|c__Bacteroidia|o__Bacteroidales|f__Bacteroidaceae|g__Bacteroides|s__Bacteroides_sp_CAG_462,0.5628736089324415,-6.0,-6.0,Higher in Lean,0.8083823107008469
k__Bacteria|p__Proteobacteria|c__Gammaproteobacteria|o__Enterobacterales|f__Enterobacteriaceae|g__Klebsiella|s__Klebsiella_pneumoniae,0.5688208379771347,-6.0,-6.0,Higher in Lean,0.8126011971101924
k__Bacteria|p__Bacteroidetes|c__Bacteroidia|o__Bacteroidales|f__Odoribacteraceae|g__Butyricimonas|s__Butyricimonas_virosa,0.574925770906999,-1.345654655661395,-1.29738854520905,Higher in Obese,0.816999779709946
k__Bacteria|p__Bacteroidetes|c__Bacteroidia|o__Bacteroidales|f__Porphyromonadaceae|g__Sanguibacteroides|s__Sanguibacteroides_justesenii,0.5861151897204662,-6.0,-6.0,Higher in Lean,0.8285397969870465
k__Bacteria|p__Firmicutes|c__Clostridia|o__Clostridiales|f__Eubacteriaceae|g__Eubacterium|s__Eubacterium_ventriosum,0.5918929447987387,-1.3007941662793598,-1.28599734187787,Higher in Obese,0.8323494536232262
k__Bacteria|p__Bacteroidetes|c__Bacteroidia|o__Bacteroidales|f__Prevotellaceae|g__Prevotella|s__Prevotella_sp_CAG_1185,0.5975204390066623,-6.0,-6.0,Higher in Lean,0.8359094224445535
k__Bacteria|p__Bacteroidetes|c__Bacteroidia|o__Bacteroidales|f__Bacteroidaceae|g__Bacteroides|s__Bacteroides_caccae,0.606507755715092,-0.41791535933957147,-0.504579169498962,Higher in Lean,0.8441087321807981
k__Bacteria|p__Firmicutes|c__Clostridia|o__Clostridiales|f__Ruminococcaceae|g__Anaerotruncus|s__Anaerotruncus_sp_CAG_528,0.6392658700324345,-6.0,-6.0,Higher in Lean,0.8447281418317534
k__Bacteria|p__Firmicutes|c__Bacilli|o__Lactobacillales|f__Streptococcaceae|g__Streptococcus|s__Streptococcus_gordonii,0.6299959583058203,-6.0,-6.0,Higher in Lean,0.8447281418317534
k__Bacteria|p__Firmicutes|c__Clostridia|o__Clostridiales|f__Clostridiales_unclassified|g__Lawsonibacter|s__Lawsonibacter_asaccharolyticus,0.6399408441395091,-1.2559020091791049,-1.33011620987465,Higher in Lean,0.8447281418317534
k__Bacteria|p__Firmicutes|c__Bacilli|o__Lactobacillales|f__Streptococcaceae|g__Streptococcus|s__Streptococcus_sp_A12,0.6342914142081615,-6.0,-6.0,Higher in Lean,0.8447281418317534
k__Bacteria|p__Firmicutes|c__Clostridia|o__Clostridiales|f__Peptostreptococcaceae|g__Romboutsia|s__Romboutsia_ilealis,0.6313673116915952,-6.0,-6.0,Higher in Lean,0.8447281418317534
k__Bacteria|p__Firmicutes|c__Clostridia|o__Clostridiales|f__Eubacteriaceae|g__Eubacterium|s__Eubacterium_sp_CAG_274,0.6413676632426276,-6.0,-2.43997375108711,Higher in Obese,0.8447281418317534
k__Bacteria|p__Firmicutes|c__Clostridia|o__Clostridiales|f__Ruminococcaceae|g__Ruminococcus|s__Ruminococcus_sp_CAG_488,0.6127393888737336,-6.0,-6.0,Higher in Lean,0.8447281418317534
k__Bacteria|p__Firmicutes|c__Negativicutes|o__Selenomonadales|f__Selenomonadaceae|g__Megamonas|s__Megamonas_hypermegale,0.6223344501551136,-6.0,-6.0,Higher in Lean,0.8447281418317534
k__Bacteria|p__Proteobacteria|c__Betaproteobacteria|o__Burkholderiales|f__Sutterellaceae|g__Parasutterella|s__Parasutterella_excrementihominis,0.6291965120005976,-1.48530688722158,-1.51483243912199,Higher in Lean,0.8447281418317534
k__Bacteria|p__Bacteroidetes|c__Bacteroidia|o__Bacteroidales|f__Bacteroidaceae|g__Bacteroides|s__Bacteroides_finegoldii,0.6310580010789231,-6.0,-6.0,Higher in Lean,0.8447281418317534
k__Bacteria|p__Bacteroidetes|c__Bacteroidia|o__Bacteroidales|f__Tannerellaceae|g__Parabacteroides|s__Parabacteroides_goldsteinii,0.6252963464810783,-6.0,-6.0,Higher in Lean,0.8447281418317534
k__Bacteria|p__Actinobacteria|c__Coriobacteriia|o__Eggerthellales|f__Eggerthellaceae|g__Eggerthella|s__Eggerthella_lenta,0.6511862575433883,-6.0,-6.0,Higher in Lean,0.8534965511491012
k__Bacteria|p__Firmicutes|c__Erysipelotrichia|o__Erysipelotrichales|f__Erysipelotrichaceae|g__Dielma|s__Dielma_fastidiosa,0.6589036865295964,-6.0,-6.0,Higher in Lean,0.8594395911255605
k__Bacteria|p__Firmicutes|c__Erysipelotrichia|o__Erysipelotrichales|f__Erysipelotrichaceae|g__Turicibacter|s__Turicibacter_sanguinis,0.6659588536507175,-6.0,-6.0,Higher in Lean,0.8603296195487738
k__Bacteria|p__Firmicutes|c__Bacilli|o__Lactobacillales|f__Lactobacillaceae|g__Lactobacillus|s__Lactobacillus_rogosae,0.6653950748728978,-1.9146664375596498,-1.76318572482873,Higher in Obese,0.8603296195487738
k__Bacteria|p__Bacteroidetes|c__Bacteroidia|o__Bacteroidales|f__Rikenellaceae|g__Alistipes|s__Alistipes_putredinis,0.6723003290941822,0.49292121241101394,0.443569780505126,Higher in Lean,0.8643861374068057
k__Bacteria|p__Firmicutes|c__Clostridia|o__Clostridiales|f__Ruminococcaceae|g__Ruminococcus|s__Ruminococcus_bicirculans,0.6839219880071283,-0.8396452163056195,-0.786214046061061,Higher in Obese,0.8726835297057407
k__Bacteria|p__Firmicutes|c__Clostridia|o__Clostridiales|f__Eubacteriaceae|g__Eubacterium|s__Eubacterium_sp_CAG_251,0.6852181788800631,-6.0,-6.0,Higher in Lean,0.8726835297057407
k__Bacteria|p__Firmicutes|c__Clostridia|o__Clostridiales|f__Lachnospiraceae|g__Lachnoclostridium|s__Clostridium_clostridioforme,0.7096813786080634,-6.0,-6.0,Higher in Lean,0.8830136968856088
k__Bacteria|p__Firmicutes|c__Clostridia|o__Clostridiales|f__Lachnospiraceae|g__Lachnoclostridium|s__Lachnoclostridium_sp_An131,0.7018266028144677,-6.0,-6.0,Higher in Lean,0.8830136968856088
k__Bacteria|p__Firmicutes|c__Clostridia|o__Clostridiales|f__Lachnospiraceae|g__Coprococcus|s__Coprococcus_comes,0.7068725991264004,-0.4880564696623465,-0.412703327262486,Higher in Obese,0.8830136968856088
k__Bacteria|p__Firmicutes|c__Clostridia|o__Clostridiales|f__Ruminococcaceae|g__Ruminococcus|s__Ruminococcus_sp_CAG_563,0.698195515115942,-6.0,-6.0,Higher in Lean,0.8830136968856088
k__Bacteria|p__Bacteroidetes|c__Bacteroidia|o__Bacteroidales|f__Rikenellaceae|g__Alistipes|s__Alistipes_sp_An31A,0.7071799738714609,-6.0,-6.0,Higher in Lean,0.8830136968856088
k__Bacteria|p__Bacteroidetes|c__Bacteroidia|o__Bacteroidales|f__Bacteroidaceae|g__Bacteroides|s__Bacteroides_faecis,0.713271775570699,-6.0,-6.0,Higher in Lean,0.883409997266462
k__Bacteria|p__Firmicutes|c__Clostridia|o__Clostridiales|f__Clostridiales_unclassified|g__Intestinimonas|s__Intestinimonas_butyriciproducens,0.7211877568331981,-2.639259119022655,-2.58821199545613,Higher in Obese,0.8891355906162717
k__Bacteria|p__Bacteroidetes|c__Bacteroidia|o__Bacteroidales|f__Bacteroidaceae|g__Bacteroides|s__Bacteroides_cellulosilyticus,0.7290629757548648,-6.0,-6.0,Higher in Lean,0.8947591066082432
k__Bacteria|p__Bacteroidetes|c__Bacteroidia|o__Bacteroidales|f__Bacteroidaceae|g__Bacteroides|s__Bacteroides_thetaiotaomicron,0.7384839128640304,-0.4330076092811565,-0.533012335306428,Higher in Lean,0.8952092623450801
k__Bacteria|p__Firmicutes|c__Firmicutes_unclassified|o__Firmicutes_unclassified|f__Firmicutes_unclassified|g__Firmicutes_unclassified|s__Firmicutes_bacterium_CAG_83,0.7371785740106886,-0.9263721047791764,-0.945574644107678,Higher in Lean,0.8952092623450801
k__Bacteria|p__Actinobacteria|c__Coriobacteriia|o__Coriobacteriales|f__Coriobacteriaceae|g__Collinsella|s__Collinsella_aerofaciens,0.7393765388998255,-0.5136818083980255,-0.454308251675354,Higher in Obese,0.8952092623450801
k__Bacteria|p__Firmicutes|c__Clostridia|o__Clostridiales|f__Eubacteriaceae|g__Eubacterium|s__Eubacterium_hallii,0.7469485190820606,-0.619104778855482,-0.659335819064656,Higher in Lean,0.9003397328221266
k__Bacteria|p__Firmicutes|c__Negativicutes|o__Acidaminococcales|f__Acidaminococcaceae|g__Phascolarctobacterium|s__Phascolarctobacterium_sp_CAG_266,0.7614108974885151,-6.0,-6.0,Higher in Lean,0.9097643036720583
k__Bacteria|p__Firmicutes|c__Clostridia|o__Clostridiales|f__Clostridiaceae|g__Clostridium|s__Clostridium_sp_CAG_253,0.7615064171477228,-6.0,-6.0,Higher in Lean,0.9097643036720583
k__Bacteria|p__Bacteroidetes|c__Bacteroidia|o__Bacteroidales|f__Bacteroidaceae|g__Bacteroides|s__Bacteroides_coprocola,0.7655574306161544,-6.0,-6.0,Higher in Lean,0.9105749174729589
k__Bacteria|p__Bacteroidetes|c__Bacteroidia|o__Bacteroidales|f__Prevotellaceae|g__Prevotella|s__Prevotella_sp_CAG_873,0.7722857605293894,-6.0,-6.0,Higher in Lean,0.914548926942698
k__Bacteria|p__Bacteroidetes|c__Bacteroidia|o__Bacteroidales|f__Prevotellaceae|g__Prevotella|s__Prevotella_bivia,0.7826217315403697,-6.0,-6.0,Higher in Lean,0.9227417795454141
k__Bacteria|p__Firmicutes|c__Clostridia|o__Clostridiales|f__Lachnospiraceae|g__Fusicatenibacter|s__Fusicatenibacter_saccharivorans,0.83033072326867,-0.124771900727911,-0.172442702632677,Higher in Lean,0.9302460385167671
k__Bacteria|p__Firmicutes|c__Clostridia|o__Clostridiales|f__Clostridiaceae|g__Clostridium|s__Clostridium_sp_CAG_510,0.8253393680440336,-6.0,-6.0,Higher in Lean,0.9302460385167671
k__Bacteria|p__Firmicutes|c__Negativicutes|o__Veillonellales|f__Veillonellaceae|g__Dialister|s__Dialister_sp_CAG_357,0.8273725533934981,-6.0,-6.0,Higher in Lean,0.9302460385167671
k__Bacteria|p__Proteobacteria|c__Betaproteobacteria|o__Burkholderiales|f__Sutterellaceae|g__Turicimonas|s__Turicimonas_muris,0.80402114399707,-2.6515396975506453,-2.49607319580649,Higher in Obese,0.9302460385167671
k__Bacteria|p__Firmicutes|c__Erysipelotrichia|o__Erysipelotrichales|f__Erysipelotrichaceae|g__Erysipelatoclostridium|s__Clostridium_innocuum,0.8209710311205116,-6.0,-6.0,Higher in Lean,0.9302460385167671
k__Bacteria|p__Bacteroidetes|c__Bacteroidia|o__Bacteroidales|f__Prevotellaceae|g__Paraprevotella|s__Paraprevotella_xylaniphila,0.8260800296637887,-6.0,-6.0,Higher in Lean,0.9302460385167671
k__Bacteria|p__Bacteroidetes|c__Bacteroidia|o__Bacteroidales|f__Bacteroidaceae|g__Bacteroides|s__Bacteroides_coprophilus,0.7995155884786093,-6.0,-6.0,Higher in Lean,0.9302460385167671
k__Bacteria|p__Firmicutes|c__Negativicutes|o__Veillonellales|f__Veillonellaceae|g__Dialister|s__Dialister_invisus,0.8077945289379206,-6.0,-6.0,Higher in Lean,0.9302460385167671
k__Bacteria|p__Bacteroidetes|c__Bacteroidia|o__Bacteroidales|f__Bacteroidaceae|g__Bacteroides|s__Bacteroides_plebeius,0.7978849801161831,-6.0,-6.0,Higher in Lean,0.9302460385167671
k__Bacteria|p__Firmicutes|c__Clostridia|o__Clostridiales|f__Lachnospiraceae|g__Blautia|s__Blautia_sp_CAG_257,0.7930737828067991,-6.0,-6.0,Higher in Lean,0.9302460385167671
k__Bacteria|p__Firmicutes|c__Bacilli|o__Lactobacillales|f__Streptococcaceae|g__Streptococcus|s__Streptococcus_sp_F0442,0.8156260176846313,-6.0,-6.0,Higher in Lean,0.9302460385167671
k__Bacteria|p__Bacteroidetes|c__Bacteroidia|o__Bacteroidales|f__Bacteroidaceae|g__Bacteroides|s__Bacteroides_sp_CAG_443,0.8151134094347173,-6.0,-6.0,Higher in Lean,0.9302460385167671
k__Bacteria|p__Firmicutes|c__Clostridia|o__Clostridiales|f__Clostridiales_unclassified|g__Monoglobus|s__Monoglobus_pectinilyticus,0.8466951963473537,-6.0,-6.0,Higher in Lean,0.944659929809031
k__Bacteria|p__Firmicutes|c__Clostridia|o__Clostridiales|f__Eubacteriaceae|g__Eubacteriaceae_unclassified|s__Eubacteriaceae_bacterium_CHKCI005,0.8531507300137995,-6.0,-6.0,Higher in Lean,0.9479452555708883
k__Bacteria|p__Bacteroidetes|c__Bacteroidia|o__Bacteroidales|f__Bacteroidaceae|g__Bacteroides|s__Bacteroides_sp_CAG_598,0.8713197120872002,-6.0,-6.0,Higher in Lean,0.9631829327444715
k__Bacteria|p__Bacteroidetes|c__Bacteroidia|o__Bacteroidales|f__Bacteroidaceae|g__Bacteroides|s__Bacteroides_eggerthii,0.8739993278607242,-6.0,-6.0,Higher in Lean,0.9631829327444715
k__Bacteria|p__Bacteroidetes|c__Bacteroidia|o__Bacteroidales|f__Tannerellaceae|g__Parabacteroides|s__Parabacteroides_merdae,0.8871525358549455,-0.1504236400860675,-0.147720730950622,Higher in Obese,0.9710828166994935
k__Bacteria|p__Firmicutes|c__Bacilli|o__Lactobacillales|f__Lactobacillaceae|g__Sharpea|s__Sharpea_azabuensis,0.8932117635799661,-6.0,-6.0,Higher in Lean,0.9710828166994935
k__Bacteria|p__Bacteroidetes|c__Bacteroidia|o__Bacteroidales|f__Prevotellaceae|g__Prevotella|s__Prevotella_sp_CAG_617,0.8955541531784218,-6.0,-6.0,Higher in Lean,0.9710828166994935
k__Bacteria|p__Actinobacteria|c__Actinobacteria|o__Bifidobacteriales|f__Bifidobacteriaceae|g__Bifidobacterium|s__Bifidobacterium_catenulatum,0.8903817356836523,-6.0,-6.0,Higher in Lean,0.9710828166994935
k__Bacteria|p__Firmicutes|c__Clostridia|o__Clostridiales|f__Lachnospiraceae|g__Lachnoclostridium|s__Clostridium_saccharolyticum,0.900346575401481,-6.0,-6.0,Higher in Lean,0.9723743014335995
k__Bacteria|p__Firmicutes|c__Clostridia|o__Clostridiales|f__Lachnospiraceae|g__Lachnoclostridium|s__Clostridium_aldenense,0.9292055374545364,-6.0,-6.0,Higher in Lean,0.9769390858844943
k__Bacteria|p__Firmicutes|c__Clostridia|o__Clostridiales|f__Ruminococcaceae|g__Ruminococcus|s__Ruminococcus_obeum_CAG_39,0.9170452068858546,-6.0,-6.0,Higher in Lean,0.9769390858844943
k__Bacteria|p__Bacteroidetes|c__Bacteroidia|o__Bacteroidales|f__Barnesiellaceae|g__Barnesiella|s__Barnesiella_intestinihominis,0.9367329087410315,-0.1500068345041855,-0.0165717385738036,Higher in Obese,0.9769390858844943
k__Bacteria|p__Bacteroidetes|c__Bacteroidia|o__Bacteroidales|f__Bacteroidaceae|g__Bacteroides|s__Bacteroides_sp_CAG_144,0.9116371147070391,-6.0,-6.0,Higher in Lean,0.9769390858844943
k__Bacteria|p__Bacteroidetes|c__Bacteroidia|o__Bacteroidales|f__Bacteroidaceae|g__Bacteroides|s__Bacteroides_stercoris,0.940224947106218,-6.0,-6.0,Higher in Lean,0.9769390858844943
k__Bacteria|p__Proteobacteria|c__Proteobacteria_unclassified|o__Proteobacteria_unclassified|f__Proteobacteria_unclassified|g__Proteobacteria_unclassified|s__Proteobacteria_bacterium_CAG_139,0.9308333847045475,-2.3715858132121648,-2.48135447566969,Higher in Lean,0.9769390858844943
k__Bacteria|p__Firmicutes|c__Clostridia|o__Clostridiales|f__Peptostreptococcaceae|g__Intestinibacter|s__Intestinibacter_bartlettii,0.9212619074545986,-2.9428661921036596,-3.22112552799726,Higher in Lean,0.9769390858844943
k__Bacteria|p__Bacteroidetes|c__Bacteroidia|o__Bacteroidales|f__Tannerellaceae|g__Parabacteroides|s__Parabacteroides_distasonis,0.9129938719788662,-0.010009718709841,0.0847731849431762,Higher in Obese,0.9769390858844943
k__Bacteria|p__Firmicutes|c__Clostridia|o__Clostridiales|f__Ruminococcaceae|g__Pseudoflavonifractor|s__Pseudoflavonifractor_sp_An184,0.9252053353133084,-6.0,-6.0,Higher in Lean,0.9769390858844943
k__Bacteria|p__Firmicutes|c__Clostridia|o__Clostridiales|f__Lachnospiraceae|g__Lachnoclostridium|s__Clostridium_lavalense,0.942803526552311,-6.0,-6.0,Higher in Lean,0.9769390858844943
k__Bacteria|p__Firmicutes|c__Clostridia|o__Clostridiales|f__Ruminococcaceae|g__Harryflintia|s__Harryflintia_acetispora,0.9443744496883445,-6.0,-6.0,Higher in Lean,0.9769390858844943
k__Bacteria|p__Firmicutes|c__Clostridia|o__Clostridiales|f__Lachnospiraceae|g__Sellimonas|s__Sellimonas_intestinalis,0.9556694388274046,-6.0,-6.0,Higher in Lean,0.9848501850511422
k__Bacteria|p__Firmicutes|c__Clostridia|o__Clostridiales|f__Clostridiaceae|g__Clostridium|s__Clostridium_sp_CAG_590,0.967402611191819,-6.0,-6.0,Higher in Lean,0.9914532953259718
k__Bacteria|p__Actinobacteria|c__Actinobacteria|o__Actinomycetales|f__Actinomycetaceae|g__Actinomyces|s__Actinomyces_sp_oral_taxon_181,0.9694209998742835,-6.0,-6.0,Higher in Lean,0.9914532953259718
k__Bacteria|p__Firmicutes|c__Clostridia|o__Clostridiales|f__Lachnospiraceae|g__Roseburia|s__Roseburia_sp_CAG_471,0.9865819167249725,-2.5647965548441496,-2.61780278962255,Higher in Lean,0.9939444683423231
k__Bacteria|p__Firmicutes|c__Negativicutes|o__Veillonellales|f__Veillonellaceae|g__Dialister|s__Dialister_succinatiphilus,0.985127149989989,-6.0,-6.0,Higher in Lean,0.9939444683423231
k__Bacteria|p__Bacteroidetes|c__Bacteroidia|o__Bacteroidales|f__Bacteroidaceae|g__Bacteroides|s__Bacteroides_galacturonicus,0.9811433400889652,-2.9974073834648403,-2.71197446461164,Higher in Obese,0.9939444683423231
k__Bacteria|p__Firmicutes|c__Clostridia|o__Clostridiales|f__Ruminococcaceae|g__Ruminococcus|s__Ruminococcus_callidus,0.9768298141607782,-6.0,-6.0,Higher in Lean,0.9939444683423231
k__Bacteria|p__Firmicutes|c__Clostridia|o__Clostridiales|f__Ruminococcaceae|g__Pseudoflavonifractor|s__Pseudoflavonifractor_capillosus,0.9960033599518995,-6.0,-6.0,Higher in Lean,0.9960033599518995
k__Bacteria|p__Firmicutes|c__Clostridia|o__Clostridiales|f__Lachnospiraceae|g__Butyrivibrio|s__Butyrivibrio_sp_CAG_318,0.9926746365561039,-6.0,-6.0,Higher in Lean,0.9960033599518995
